{"cameraMode":{"drawMode":0,"name":"Shaded","section":"Shading Mode"},"sceneLighting":true,"audioPlay":false,"sceneViewState":{"showFog":true,"showMaterialUpdate":false,"showSkybox":true,"showFlares":true,"showImageEffects":true,"showParticleSystems":true},"in2DMode":false,"pivot":{"x":-4.150184631347656,"y":3.6413044929504396,"z":3.2104225158691408},"rotation":{"x":-0.06660069525241852,"y":0.8556669354438782,"z":-0.11387830227613449,"w":-0.5004297494888306},"size":10.0,"orthographic":false}