{"cameraMode":{"drawMode":2,"name":"Shaded Wireframe","section":"Shading Mode"},"sceneLighting":false,"audioPlay":false,"sceneViewState":{"showFog":true,"showMaterialUpdate":false,"showSkybox":false,"showFlares":true,"showImageEffects":true,"showParticleSystems":true},"in2DMode":false,"pivot":{"x":-6.101685047149658,"y":-0.2680163085460663,"z":16.666555404663087},"rotation":{"x":0.08695945888757706,"y":-0.07256955653429032,"z":0.006353628821671009,"w":0.9935460090637207},"size":28.310775756835939,"orthographic":false}