{"cameraMode":{"drawMode":0,"name":"Shaded","section":"Shading Mode"},"sceneLighting":false,"audioPlay":false,"sceneViewState":{"showFog":true,"showMaterialUpdate":false,"showSkybox":false,"showFlares":true,"showImageEffects":true,"showParticleSystems":true},"in2DMode":false,"pivot":{"x":-18.30077362060547,"y":14.569323539733887,"z":-10.712329864501954},"rotation":{"x":-0.005046496633440256,"y":0.8840160965919495,"z":-0.00954606756567955,"w":-0.4673351049423218},"size":19.02629852294922,"orthographic":false}