{"cameraMode":{"drawMode":0,"name":"Shaded","section":"Shading Mode"},"sceneLighting":false,"audioPlay":false,"sceneViewState":{"showFog":true,"showMaterialUpdate":false,"showSkybox":true,"showFlares":true,"showImageEffects":true,"showParticleSystems":true},"in2DMode":false,"pivot":{"x":72.66851806640625,"y":-11.521873474121094,"z":113.04440307617188},"rotation":{"x":0.7102528214454651,"y":-0.006335173733532429,"z":0.006392449140548706,"w":0.7038891911506653},"size":172.2101287841797,"orthographic":true}